Park	Unit Code	Park Type	Region	State	Year	Month	Recreation Visits
Grand Canyon NP	GRCA	National Park	Intermountain 	AZ	1979	1	37,002
Grand Canyon NP	GRCA	National Park	Intermountain 	AZ	1979	2	46,043
Grand Canyon NP	GRCA	National Park	Intermountain 	AZ	1979	3	91,927
Grand Canyon NP	GRCA	National Park	Intermountain 	AZ	1979	4	123,643
Grand Canyon NP	GRCA	National Park	Intermountain 	AZ	1979	5	205,048
Grand Canyon NP	GRCA	National Park	Intermountain 	AZ	1979	6	297,877
Grand Canyon NP	GRCA	National Park	Intermountain 	AZ	1979	7	338,935
Grand Canyon NP	GRCA	National Park	Intermountain 	AZ	1979	8	350,694
Grand Canyon NP	GRCA	National Park	Intermountain 	AZ	1979	9	294,206
Grand Canyon NP	GRCA	National Park	Intermountain 	AZ	1979	10	187,335
Grand Canyon NP	GRCA	National Park	Intermountain 	AZ	1979	11	98,410
Grand Canyon NP	GRCA	National Park	Intermountain 	AZ	1979	12	60,596
Grand Canyon NP	GRCA	National Park	Intermountain 	AZ	1980	1	55,634
Grand Canyon NP	GRCA	National Park	Intermountain 	AZ	1980	2	40,800
Grand Canyon NP	GRCA	National Park	Intermountain 	AZ	1980	3	111,283
Grand Canyon NP	GRCA	National Park	Intermountain 	AZ	1980	4	135,657
Grand Canyon NP	GRCA	National Park	Intermountain 	AZ	1980	5	300,940
Grand Canyon NP	GRCA	National Park	Intermountain 	AZ	1980	6	231,093
Grand Canyon NP	GRCA	National Park	Intermountain 	AZ	1980	7	382,961
Grand Canyon NP	GRCA	National Park	Intermountain 	AZ	1980	8	379,099
Grand Canyon NP	GRCA	National Park	Intermountain 	AZ	1980	9	264,391
Grand Canyon NP	GRCA	National Park	Intermountain 	AZ	1980	10	194,043
Grand Canyon NP	GRCA	National Park	Intermountain 	AZ	1980	11	119,440
Grand Canyon NP	GRCA	National Park	Intermountain 	AZ	1980	12	89,632
Grand Canyon NP	GRCA	National Park	Intermountain 	AZ	1981	1	87,337
Grand Canyon NP	GRCA	National Park	Intermountain 	AZ	1981	2	88,570
Grand Canyon NP	GRCA	National Park	Intermountain 	AZ	1981	3	119,264
Grand Canyon NP	GRCA	National Park	Intermountain 	AZ	1981	4	205,490
Grand Canyon NP	GRCA	National Park	Intermountain 	AZ	1981	5	244,709
Grand Canyon NP	GRCA	National Park	Intermountain 	AZ	1981	6	364,113
Grand Canyon NP	GRCA	National Park	Intermountain 	AZ	1981	7	398,756
Grand Canyon NP	GRCA	National Park	Intermountain 	AZ	1981	8	378,831
Grand Canyon NP	GRCA	National Park	Intermountain 	AZ	1981	9	247,606
Grand Canyon NP	GRCA	National Park	Intermountain 	AZ	1981	10	185,318
Grand Canyon NP	GRCA	National Park	Intermountain 	AZ	1981	11	83,734
Grand Canyon NP	GRCA	National Park	Intermountain 	AZ	1981	12	68,542
Grand Canyon NP	GRCA	National Park	Intermountain 	AZ	1982	1	44,969
Grand Canyon NP	GRCA	National Park	Intermountain 	AZ	1982	2	58,210
Grand Canyon NP	GRCA	National Park	Intermountain 	AZ	1982	3	106,235
Grand Canyon NP	GRCA	National Park	Intermountain 	AZ	1982	4	167,891
Grand Canyon NP	GRCA	National Park	Intermountain 	AZ	1982	5	212,009
Grand Canyon NP	GRCA	National Park	Intermountain 	AZ	1982	6	372,127
Grand Canyon NP	GRCA	National Park	Intermountain 	AZ	1982	7	369,983
Grand Canyon NP	GRCA	National Park	Intermountain 	AZ	1982	8	364,548
Grand Canyon NP	GRCA	National Park	Intermountain 	AZ	1982	9	254,192
Grand Canyon NP	GRCA	National Park	Intermountain 	AZ	1982	10	188,615
Grand Canyon NP	GRCA	National Park	Intermountain 	AZ	1982	11	90,586
Grand Canyon NP	GRCA	National Park	Intermountain 	AZ	1982	12	63,762
Grand Canyon NP	GRCA	National Park	Intermountain 	AZ	1983	1	49,146
Grand Canyon NP	GRCA	National Park	Intermountain 	AZ	1983	2	65,862
Grand Canyon NP	GRCA	National Park	Intermountain 	AZ	1983	3	118,768
Grand Canyon NP	GRCA	National Park	Intermountain 	AZ	1983	4	141,134
Grand Canyon NP	GRCA	National Park	Intermountain 	AZ	1983	5	233,043
Grand Canyon NP	GRCA	National Park	Intermountain 	AZ	1983	6	364,817
Grand Canyon NP	GRCA	National Park	Intermountain 	AZ	1983	7	400,961
Grand Canyon NP	GRCA	National Park	Intermountain 	AZ	1983	8	305,589
Grand Canyon NP	GRCA	National Park	Intermountain 	AZ	1983	9	226,922
Grand Canyon NP	GRCA	National Park	Intermountain 	AZ	1983	10	181,782
Grand Canyon NP	GRCA	National Park	Intermountain 	AZ	1983	11	94,483
Grand Canyon NP	GRCA	National Park	Intermountain 	AZ	1983	12	65,575
Grand Canyon NP	GRCA	National Park	Intermountain 	AZ	1984	1	60,598
Grand Canyon NP	GRCA	National Park	Intermountain 	AZ	1984	2	72,688
Grand Canyon NP	GRCA	National Park	Intermountain 	AZ	1984	3	123,699
Grand Canyon NP	GRCA	National Park	Intermountain 	AZ	1984	4	169,412
Grand Canyon NP	GRCA	National Park	Intermountain 	AZ	1984	5	249,813
Grand Canyon NP	GRCA	National Park	Intermountain 	AZ	1984	6	332,759
Grand Canyon NP	GRCA	National Park	Intermountain 	AZ	1984	7	369,741
Grand Canyon NP	GRCA	National Park	Intermountain 	AZ	1984	8	260,758
Grand Canyon NP	GRCA	National Park	Intermountain 	AZ	1984	9	220,356
Grand Canyon NP	GRCA	National Park	Intermountain 	AZ	1984	10	148,330
Grand Canyon NP	GRCA	National Park	Intermountain 	AZ	1984	11	104,114
Grand Canyon NP	GRCA	National Park	Intermountain 	AZ	1984	12	61,316
Grand Canyon NP	GRCA	National Park	Intermountain 	AZ	1985	1	54,330
Grand Canyon NP	GRCA	National Park	Intermountain 	AZ	1985	2	66,986
Grand Canyon NP	GRCA	National Park	Intermountain 	AZ	1985	3	143,335
Grand Canyon NP	GRCA	National Park	Intermountain 	AZ	1985	4	217,613
Grand Canyon NP	GRCA	National Park	Intermountain 	AZ	1985	5	295,024
Grand Canyon NP	GRCA	National Park	Intermountain 	AZ	1985	6	391,629
Grand Canyon NP	GRCA	National Park	Intermountain 	AZ	1985	7	411,347
Grand Canyon NP	GRCA	National Park	Intermountain 	AZ	1985	8	366,036
Grand Canyon NP	GRCA	National Park	Intermountain 	AZ	1985	9	304,431
Grand Canyon NP	GRCA	National Park	Intermountain 	AZ	1985	10	240,488
Grand Canyon NP	GRCA	National Park	Intermountain 	AZ	1985	11	114,023
Grand Canyon NP	GRCA	National Park	Intermountain 	AZ	1985	12	106,287
Grand Canyon NP	GRCA	National Park	Intermountain 	AZ	1986	1	75,573
Grand Canyon NP	GRCA	National Park	Intermountain 	AZ	1986	2	94,361
Grand Canyon NP	GRCA	National Park	Intermountain 	AZ	1986	3	201,642
Grand Canyon NP	GRCA	National Park	Intermountain 	AZ	1986	4	215,037
Grand Canyon NP	GRCA	National Park	Intermountain 	AZ	1986	5	318,732
Grand Canyon NP	GRCA	National Park	Intermountain 	AZ	1986	6	407,145
Grand Canyon NP	GRCA	National Park	Intermountain 	AZ	1986	7	456,542
Grand Canyon NP	GRCA	National Park	Intermountain 	AZ	1986	8	437,652
Grand Canyon NP	GRCA	National Park	Intermountain 	AZ	1986	9	312,678
Grand Canyon NP	GRCA	National Park	Intermountain 	AZ	1986	10	247,244
Grand Canyon NP	GRCA	National Park	Intermountain 	AZ	1986	11	151,811
Grand Canyon NP	GRCA	National Park	Intermountain 	AZ	1986	12	117,370
Grand Canyon NP	GRCA	National Park	Intermountain 	AZ	1987	1	94,561
Grand Canyon NP	GRCA	National Park	Intermountain 	AZ	1987	2	110,009
Grand Canyon NP	GRCA	National Park	Intermountain 	AZ	1987	3	188,661
Grand Canyon NP	GRCA	National Park	Intermountain 	AZ	1987	4	294,786
Grand Canyon NP	GRCA	National Park	Intermountain 	AZ	1987	5	352,013
Grand Canyon NP	GRCA	National Park	Intermountain 	AZ	1987	6	457,635
Grand Canyon NP	GRCA	National Park	Intermountain 	AZ	1987	7	485,310
Grand Canyon NP	GRCA	National Park	Intermountain 	AZ	1987	8	525,178
Grand Canyon NP	GRCA	National Park	Intermountain 	AZ	1987	9	425,004
Grand Canyon NP	GRCA	National Park	Intermountain 	AZ	1987	10	299,263
Grand Canyon NP	GRCA	National Park	Intermountain 	AZ	1987	11	168,321
Grand Canyon NP	GRCA	National Park	Intermountain 	AZ	1987	12	112,289
Grand Canyon NP	GRCA	National Park	Intermountain 	AZ	1988	1	96,995
Grand Canyon NP	GRCA	National Park	Intermountain 	AZ	1988	2	133,142
Grand Canyon NP	GRCA	National Park	Intermountain 	AZ	1988	3	273,551
Grand Canyon NP	GRCA	National Park	Intermountain 	AZ	1988	4	240,519
Grand Canyon NP	GRCA	National Park	Intermountain 	AZ	1988	5	387,946
Grand Canyon NP	GRCA	National Park	Intermountain 	AZ	1988	6	523,647
Grand Canyon NP	GRCA	National Park	Intermountain 	AZ	1988	7	557,670
Grand Canyon NP	GRCA	National Park	Intermountain 	AZ	1988	8	550,873
Grand Canyon NP	GRCA	National Park	Intermountain 	AZ	1988	9	462,806
Grand Canyon NP	GRCA	National Park	Intermountain 	AZ	1988	10	328,960
Grand Canyon NP	GRCA	National Park	Intermountain 	AZ	1988	11	196,874
Grand Canyon NP	GRCA	National Park	Intermountain 	AZ	1988	12	106,903
Grand Canyon NP	GRCA	National Park	Intermountain 	AZ	1989	1	107,390
Grand Canyon NP	GRCA	National Park	Intermountain 	AZ	1989	2	128,648
Grand Canyon NP	GRCA	National Park	Intermountain 	AZ	1989	3	261,150
Grand Canyon NP	GRCA	National Park	Intermountain 	AZ	1989	4	280,218
Grand Canyon NP	GRCA	National Park	Intermountain 	AZ	1989	5	409,344
Grand Canyon NP	GRCA	National Park	Intermountain 	AZ	1989	6	543,782
Grand Canyon NP	GRCA	National Park	Intermountain 	AZ	1989	7	542,509
Grand Canyon NP	GRCA	National Park	Intermountain 	AZ	1989	8	536,221
Grand Canyon NP	GRCA	National Park	Intermountain 	AZ	1989	9	440,897
Grand Canyon NP	GRCA	National Park	Intermountain 	AZ	1989	10	345,439
Grand Canyon NP	GRCA	National Park	Intermountain 	AZ	1989	11	225,092
Grand Canyon NP	GRCA	National Park	Intermountain 	AZ	1989	12	145,519
Grand Canyon NP	GRCA	National Park	Intermountain 	AZ	1990	1	118,005
Grand Canyon NP	GRCA	National Park	Intermountain 	AZ	1990	2	131,958
Grand Canyon NP	GRCA	National Park	Intermountain 	AZ	1990	3	256,088
Grand Canyon NP	GRCA	National Park	Intermountain 	AZ	1990	4	314,388
Grand Canyon NP	GRCA	National Park	Intermountain 	AZ	1990	5	410,498
Grand Canyon NP	GRCA	National Park	Intermountain 	AZ	1990	6	472,277
Grand Canyon NP	GRCA	National Park	Intermountain 	AZ	1990	7	534,498
Grand Canyon NP	GRCA	National Park	Intermountain 	AZ	1990	8	528,984
Grand Canyon NP	GRCA	National Park	Intermountain 	AZ	1990	9	403,743
Grand Canyon NP	GRCA	National Park	Intermountain 	AZ	1990	10	283,512
Grand Canyon NP	GRCA	National Park	Intermountain 	AZ	1990	11	197,985
Grand Canyon NP	GRCA	National Park	Intermountain 	AZ	1990	12	124,749
Grand Canyon NP	GRCA	National Park	Intermountain 	AZ	1991	1	119,713
Grand Canyon NP	GRCA	National Park	Intermountain 	AZ	1991	2	137,010
Grand Canyon NP	GRCA	National Park	Intermountain 	AZ	1991	3	173,728
Grand Canyon NP	GRCA	National Park	Intermountain 	AZ	1991	4	262,163
Grand Canyon NP	GRCA	National Park	Intermountain 	AZ	1991	5	420,242
Grand Canyon NP	GRCA	National Park	Intermountain 	AZ	1991	6	530,436
Grand Canyon NP	GRCA	National Park	Intermountain 	AZ	1991	7	583,108
Grand Canyon NP	GRCA	National Park	Intermountain 	AZ	1991	8	561,165
Grand Canyon NP	GRCA	National Park	Intermountain 	AZ	1991	9	451,446
Grand Canyon NP	GRCA	National Park	Intermountain 	AZ	1991	10	361,865
Grand Canyon NP	GRCA	National Park	Intermountain 	AZ	1991	11	181,771
Grand Canyon NP	GRCA	National Park	Intermountain 	AZ	1991	12	103,384
Grand Canyon NP	GRCA	National Park	Intermountain 	AZ	1992	1	106,718
Grand Canyon NP	GRCA	National Park	Intermountain 	AZ	1992	2	129,889
Grand Canyon NP	GRCA	National Park	Intermountain 	AZ	1992	3	215,840
Grand Canyon NP	GRCA	National Park	Intermountain 	AZ	1992	4	344,954
Grand Canyon NP	GRCA	National Park	Intermountain 	AZ	1992	5	434,452
Grand Canyon NP	GRCA	National Park	Intermountain 	AZ	1992	6	553,547
Grand Canyon NP	GRCA	National Park	Intermountain 	AZ	1992	7	658,700
Grand Canyon NP	GRCA	National Park	Intermountain 	AZ	1992	8	648,030
Grand Canyon NP	GRCA	National Park	Intermountain 	AZ	1992	9	468,743
Grand Canyon NP	GRCA	National Park	Intermountain 	AZ	1992	10	325,158
Grand Canyon NP	GRCA	National Park	Intermountain 	AZ	1992	11	184,552
Grand Canyon NP	GRCA	National Park	Intermountain 	AZ	1992	12	132,962
Grand Canyon NP	GRCA	National Park	Intermountain 	AZ	1993	1	113,555
Grand Canyon NP	GRCA	National Park	Intermountain 	AZ	1993	2	124,186
Grand Canyon NP	GRCA	National Park	Intermountain 	AZ	1993	3	267,508
Grand Canyon NP	GRCA	National Park	Intermountain 	AZ	1993	4	326,969
Grand Canyon NP	GRCA	National Park	Intermountain 	AZ	1993	5	462,722
Grand Canyon NP	GRCA	National Park	Intermountain 	AZ	1993	6	610,570
Grand Canyon NP	GRCA	National Park	Intermountain 	AZ	1993	7	755,833
Grand Canyon NP	GRCA	National Park	Intermountain 	AZ	1993	8	744,485
Grand Canyon NP	GRCA	National Park	Intermountain 	AZ	1993	9	481,004
Grand Canyon NP	GRCA	National Park	Intermountain 	AZ	1993	10	356,060
Grand Canyon NP	GRCA	National Park	Intermountain 	AZ	1993	11	186,556
Grand Canyon NP	GRCA	National Park	Intermountain 	AZ	1993	12	146,154
Grand Canyon NP	GRCA	National Park	Intermountain 	AZ	1994	1	137,426
Grand Canyon NP	GRCA	National Park	Intermountain 	AZ	1994	2	136,008
Grand Canyon NP	GRCA	National Park	Intermountain 	AZ	1994	3	321,076
Grand Canyon NP	GRCA	National Park	Intermountain 	AZ	1994	4	317,331
Grand Canyon NP	GRCA	National Park	Intermountain 	AZ	1994	5	430,834
Grand Canyon NP	GRCA	National Park	Intermountain 	AZ	1994	6	539,256
Grand Canyon NP	GRCA	National Park	Intermountain 	AZ	1994	7	684,303
Grand Canyon NP	GRCA	National Park	Intermountain 	AZ	1994	8	656,675
Grand Canyon NP	GRCA	National Park	Intermountain 	AZ	1994	9	447,284
Grand Canyon NP	GRCA	National Park	Intermountain 	AZ	1994	10	348,792
Grand Canyon NP	GRCA	National Park	Intermountain 	AZ	1994	11	192,207
Grand Canyon NP	GRCA	National Park	Intermountain 	AZ	1994	12	153,124
Grand Canyon NP	GRCA	National Park	Intermountain 	AZ	1995	1	124,843
Grand Canyon NP	GRCA	National Park	Intermountain 	AZ	1995	2	158,170
Grand Canyon NP	GRCA	National Park	Intermountain 	AZ	1995	3	286,118
Grand Canyon NP	GRCA	National Park	Intermountain 	AZ	1995	4	371,843
Grand Canyon NP	GRCA	National Park	Intermountain 	AZ	1995	5	464,743
Grand Canyon NP	GRCA	National Park	Intermountain 	AZ	1995	6	665,255
Grand Canyon NP	GRCA	National Park	Intermountain 	AZ	1995	7	678,871
Grand Canyon NP	GRCA	National Park	Intermountain 	AZ	1995	8	678,492
Grand Canyon NP	GRCA	National Park	Intermountain 	AZ	1995	9	439,849
Grand Canyon NP	GRCA	National Park	Intermountain 	AZ	1995	10	381,572
Grand Canyon NP	GRCA	National Park	Intermountain 	AZ	1995	11	166,568
Grand Canyon NP	GRCA	National Park	Intermountain 	AZ	1995	12	141,321
Grand Canyon NP	GRCA	National Park	Intermountain 	AZ	1996	1	147,909
Grand Canyon NP	GRCA	National Park	Intermountain 	AZ	1996	2	171,968
Grand Canyon NP	GRCA	National Park	Intermountain 	AZ	1996	3	302,054
Grand Canyon NP	GRCA	National Park	Intermountain 	AZ	1996	4	364,219
Grand Canyon NP	GRCA	National Park	Intermountain 	AZ	1996	5	477,093
Grand Canyon NP	GRCA	National Park	Intermountain 	AZ	1996	6	577,194
Grand Canyon NP	GRCA	National Park	Intermountain 	AZ	1996	7	691,310
Grand Canyon NP	GRCA	National Park	Intermountain 	AZ	1996	8	580,705
Grand Canyon NP	GRCA	National Park	Intermountain 	AZ	1996	9	499,011
Grand Canyon NP	GRCA	National Park	Intermountain 	AZ	1996	10	387,665
Grand Canyon NP	GRCA	National Park	Intermountain 	AZ	1996	11	188,612
Grand Canyon NP	GRCA	National Park	Intermountain 	AZ	1996	12	149,963
Grand Canyon NP	GRCA	National Park	Intermountain 	AZ	1997	1	133,291
Grand Canyon NP	GRCA	National Park	Intermountain 	AZ	1997	2	174,087
Grand Canyon NP	GRCA	National Park	Intermountain 	AZ	1997	3	347,740
Grand Canyon NP	GRCA	National Park	Intermountain 	AZ	1997	4	324,011
Grand Canyon NP	GRCA	National Park	Intermountain 	AZ	1997	5	465,990
Grand Canyon NP	GRCA	National Park	Intermountain 	AZ	1997	6	540,275
Grand Canyon NP	GRCA	National Park	Intermountain 	AZ	1997	7	730,341
Grand Canyon NP	GRCA	National Park	Intermountain 	AZ	1997	8	591,024
Grand Canyon NP	GRCA	National Park	Intermountain 	AZ	1997	9	599,107
Grand Canyon NP	GRCA	National Park	Intermountain 	AZ	1997	10	444,433
Grand Canyon NP	GRCA	National Park	Intermountain 	AZ	1997	11	251,808
Grand Canyon NP	GRCA	National Park	Intermountain 	AZ	1997	12	189,561
Grand Canyon NP	GRCA	National Park	Intermountain 	AZ	1998	1	133,187
Grand Canyon NP	GRCA	National Park	Intermountain 	AZ	1998	2	135,141
Grand Canyon NP	GRCA	National Park	Intermountain 	AZ	1998	3	248,949
Grand Canyon NP	GRCA	National Park	Intermountain 	AZ	1998	4	401,811
Grand Canyon NP	GRCA	National Park	Intermountain 	AZ	1998	5	444,044
Grand Canyon NP	GRCA	National Park	Intermountain 	AZ	1998	6	532,945
Grand Canyon NP	GRCA	National Park	Intermountain 	AZ	1998	7	586,676
Grand Canyon NP	GRCA	National Park	Intermountain 	AZ	1998	8	600,640
Grand Canyon NP	GRCA	National Park	Intermountain 	AZ	1998	9	421,853
Grand Canyon NP	GRCA	National Park	Intermountain 	AZ	1998	10	375,993
Grand Canyon NP	GRCA	National Park	Intermountain 	AZ	1998	11	209,611
Grand Canyon NP	GRCA	National Park	Intermountain 	AZ	1998	12	148,832
Grand Canyon NP	GRCA	National Park	Intermountain 	AZ	1999	1	154,225
Grand Canyon NP	GRCA	National Park	Intermountain 	AZ	1999	2	168,127
Grand Canyon NP	GRCA	National Park	Intermountain 	AZ	1999	3	367,827
Grand Canyon NP	GRCA	National Park	Intermountain 	AZ	1999	4	345,769
Grand Canyon NP	GRCA	National Park	Intermountain 	AZ	1999	5	456,674
Grand Canyon NP	GRCA	National Park	Intermountain 	AZ	1999	6	564,036
Grand Canyon NP	GRCA	National Park	Intermountain 	AZ	1999	7	655,350
Grand Canyon NP	GRCA	National Park	Intermountain 	AZ	1999	8	608,486
Grand Canyon NP	GRCA	National Park	Intermountain 	AZ	1999	9	491,822
Grand Canyon NP	GRCA	National Park	Intermountain 	AZ	1999	10	378,777
Grand Canyon NP	GRCA	National Park	Intermountain 	AZ	1999	11	206,084
Grand Canyon NP	GRCA	National Park	Intermountain 	AZ	1999	12	177,947
Grand Canyon NP	GRCA	National Park	Intermountain 	AZ	2000	1	153,667
Grand Canyon NP	GRCA	National Park	Intermountain 	AZ	2000	2	159,129
Grand Canyon NP	GRCA	National Park	Intermountain 	AZ	2000	3	310,278
Grand Canyon NP	GRCA	National Park	Intermountain 	AZ	2000	4	392,888
Grand Canyon NP	GRCA	National Park	Intermountain 	AZ	2000	5	459,685
Grand Canyon NP	GRCA	National Park	Intermountain 	AZ	2000	6	528,779
Grand Canyon NP	GRCA	National Park	Intermountain 	AZ	2000	7	624,033
Grand Canyon NP	GRCA	National Park	Intermountain 	AZ	2000	8	590,701
Grand Canyon NP	GRCA	National Park	Intermountain 	AZ	2000	9	474,295
Grand Canyon NP	GRCA	National Park	Intermountain 	AZ	2000	10	368,560
Grand Canyon NP	GRCA	National Park	Intermountain 	AZ	2000	11	205,567
Grand Canyon NP	GRCA	National Park	Intermountain 	AZ	2000	12	192,646
Grand Canyon NP	GRCA	National Park	Intermountain 	AZ	2001	1	152,246
Grand Canyon NP	GRCA	National Park	Intermountain 	AZ	2001	2	133,442
Grand Canyon NP	GRCA	National Park	Intermountain 	AZ	2001	3	304,407
Grand Canyon NP	GRCA	National Park	Intermountain 	AZ	2001	4	363,932
Grand Canyon NP	GRCA	National Park	Intermountain 	AZ	2001	5	446,090
Grand Canyon NP	GRCA	National Park	Intermountain 	AZ	2001	6	517,870
Grand Canyon NP	GRCA	National Park	Intermountain 	AZ	2001	7	620,638
Grand Canyon NP	GRCA	National Park	Intermountain 	AZ	2001	8	565,883
Grand Canyon NP	GRCA	National Park	Intermountain 	AZ	2001	9	348,445
Grand Canyon NP	GRCA	National Park	Intermountain 	AZ	2001	10	287,259
Grand Canyon NP	GRCA	National Park	Intermountain 	AZ	2001	11	192,539
Grand Canyon NP	GRCA	National Park	Intermountain 	AZ	2001	12	172,058
Grand Canyon NP	GRCA	National Park	Intermountain 	AZ	2002	1	141,451
Grand Canyon NP	GRCA	National Park	Intermountain 	AZ	2002	2	147,784
Grand Canyon NP	GRCA	National Park	Intermountain 	AZ	2002	3	295,462
Grand Canyon NP	GRCA	National Park	Intermountain 	AZ	2002	4	331,852
Grand Canyon NP	GRCA	National Park	Intermountain 	AZ	2002	5	408,987
Grand Canyon NP	GRCA	National Park	Intermountain 	AZ	2002	6	502,154
Grand Canyon NP	GRCA	National Park	Intermountain 	AZ	2002	7	568,408
Grand Canyon NP	GRCA	National Park	Intermountain 	AZ	2002	8	520,331
Grand Canyon NP	GRCA	National Park	Intermountain 	AZ	2002	9	368,543
Grand Canyon NP	GRCA	National Park	Intermountain 	AZ	2002	10	324,351
Grand Canyon NP	GRCA	National Park	Intermountain 	AZ	2002	11	217,586
Grand Canyon NP	GRCA	National Park	Intermountain 	AZ	2002	12	175,065
Grand Canyon NP	GRCA	National Park	Intermountain 	AZ	2003	1	156,481
Grand Canyon NP	GRCA	National Park	Intermountain 	AZ	2003	2	148,388
Grand Canyon NP	GRCA	National Park	Intermountain 	AZ	2003	3	274,120
Grand Canyon NP	GRCA	National Park	Intermountain 	AZ	2003	4	340,245
Grand Canyon NP	GRCA	National Park	Intermountain 	AZ	2003	5	398,371
Grand Canyon NP	GRCA	National Park	Intermountain 	AZ	2003	6	536,251
Grand Canyon NP	GRCA	National Park	Intermountain 	AZ	2003	7	603,109
Grand Canyon NP	GRCA	National Park	Intermountain 	AZ	2003	8	550,855
Grand Canyon NP	GRCA	National Park	Intermountain 	AZ	2003	9	377,719
Grand Canyon NP	GRCA	National Park	Intermountain 	AZ	2003	10	335,317
Grand Canyon NP	GRCA	National Park	Intermountain 	AZ	2003	11	220,124
Grand Canyon NP	GRCA	National Park	Intermountain 	AZ	2003	12	183,920
Grand Canyon NP	GRCA	National Park	Intermountain 	AZ	2004	1	150,345
Grand Canyon NP	GRCA	National Park	Intermountain 	AZ	2004	2	148,379
Grand Canyon NP	GRCA	National Park	Intermountain 	AZ	2004	3	313,056
Grand Canyon NP	GRCA	National Park	Intermountain 	AZ	2004	4	409,645
Grand Canyon NP	GRCA	National Park	Intermountain 	AZ	2004	5	444,078
Grand Canyon NP	GRCA	National Park	Intermountain 	AZ	2004	6	529,486
Grand Canyon NP	GRCA	National Park	Intermountain 	AZ	2004	7	625,584
Grand Canyon NP	GRCA	National Park	Intermountain 	AZ	2004	8	549,643
Grand Canyon NP	GRCA	National Park	Intermountain 	AZ	2004	9	425,037
Grand Canyon NP	GRCA	National Park	Intermountain 	AZ	2004	10	333,874
Grand Canyon NP	GRCA	National Park	Intermountain 	AZ	2004	11	219,953
Grand Canyon NP	GRCA	National Park	Intermountain 	AZ	2004	12	177,154
Grand Canyon NP	GRCA	National Park	Intermountain 	AZ	2005	1	132,660
Grand Canyon NP	GRCA	National Park	Intermountain 	AZ	2005	2	151,719
Grand Canyon NP	GRCA	National Park	Intermountain 	AZ	2005	3	356,357
Grand Canyon NP	GRCA	National Park	Intermountain 	AZ	2005	4	380,473
Grand Canyon NP	GRCA	National Park	Intermountain 	AZ	2005	5	444,253
Grand Canyon NP	GRCA	National Park	Intermountain 	AZ	2005	6	594,410
Grand Canyon NP	GRCA	National Park	Intermountain 	AZ	2005	7	611,813
Grand Canyon NP	GRCA	National Park	Intermountain 	AZ	2005	8	572,431
Grand Canyon NP	GRCA	National Park	Intermountain 	AZ	2005	9	392,835
Grand Canyon NP	GRCA	National Park	Intermountain 	AZ	2005	10	335,518
Grand Canyon NP	GRCA	National Park	Intermountain 	AZ	2005	11	230,597
Grand Canyon NP	GRCA	National Park	Intermountain 	AZ	2005	12	198,456
Grand Canyon NP	GRCA	National Park	Intermountain 	AZ	2006	1	163,222
Grand Canyon NP	GRCA	National Park	Intermountain 	AZ	2006	2	178,982
Grand Canyon NP	GRCA	National Park	Intermountain 	AZ	2006	3	296,498
Grand Canyon NP	GRCA	National Park	Intermountain 	AZ	2006	4	419,253
Grand Canyon NP	GRCA	National Park	Intermountain 	AZ	2006	5	451,576
Grand Canyon NP	GRCA	National Park	Intermountain 	AZ	2006	6	509,456
Grand Canyon NP	GRCA	National Park	Intermountain 	AZ	2006	7	578,208
Grand Canyon NP	GRCA	National Park	Intermountain 	AZ	2006	8	507,951
Grand Canyon NP	GRCA	National Park	Intermountain 	AZ	2006	9	399,117
Grand Canyon NP	GRCA	National Park	Intermountain 	AZ	2006	10	352,556
Grand Canyon NP	GRCA	National Park	Intermountain 	AZ	2006	11	239,306
Grand Canyon NP	GRCA	National Park	Intermountain 	AZ	2006	12	183,314
Grand Canyon NP	GRCA	National Park	Intermountain 	AZ	2007	1	139,636
Grand Canyon NP	GRCA	National Park	Intermountain 	AZ	2007	2	155,049
Grand Canyon NP	GRCA	National Park	Intermountain 	AZ	2007	3	332,226
Grand Canyon NP	GRCA	National Park	Intermountain 	AZ	2007	4	431,874
Grand Canyon NP	GRCA	National Park	Intermountain 	AZ	2007	5	443,773
Grand Canyon NP	GRCA	National Park	Intermountain 	AZ	2007	6	515,106
Grand Canyon NP	GRCA	National Park	Intermountain 	AZ	2007	7	604,185
Grand Canyon NP	GRCA	National Park	Intermountain 	AZ	2007	8	580,670
Grand Canyon NP	GRCA	National Park	Intermountain 	AZ	2007	9	424,493
Grand Canyon NP	GRCA	National Park	Intermountain 	AZ	2007	10	362,602
Grand Canyon NP	GRCA	National Park	Intermountain 	AZ	2007	11	235,217
Grand Canyon NP	GRCA	National Park	Intermountain 	AZ	2007	12	188,837
Grand Canyon NP	GRCA	National Park	Intermountain 	AZ	2008	1	123,600
Grand Canyon NP	GRCA	National Park	Intermountain 	AZ	2008	2	146,730
Grand Canyon NP	GRCA	National Park	Intermountain 	AZ	2008	3	358,409
Grand Canyon NP	GRCA	National Park	Intermountain 	AZ	2008	4	377,542
Grand Canyon NP	GRCA	National Park	Intermountain 	AZ	2008	5	453,651
Grand Canyon NP	GRCA	National Park	Intermountain 	AZ	2008	6	530,291
Grand Canyon NP	GRCA	National Park	Intermountain 	AZ	2008	7	644,915
Grand Canyon NP	GRCA	National Park	Intermountain 	AZ	2008	8	633,985
Grand Canyon NP	GRCA	National Park	Intermountain 	AZ	2008	9	433,030
Grand Canyon NP	GRCA	National Park	Intermountain 	AZ	2008	10	359,396
Grand Canyon NP	GRCA	National Park	Intermountain 	AZ	2008	11	209,843
Grand Canyon NP	GRCA	National Park	Intermountain 	AZ	2008	12	153,922
Grand Canyon NP	GRCA	National Park	Intermountain 	AZ	2009	1	135,463
Grand Canyon NP	GRCA	National Park	Intermountain 	AZ	2009	2	132,865
Grand Canyon NP	GRCA	National Park	Intermountain 	AZ	2009	3	310,717
Grand Canyon NP	GRCA	National Park	Intermountain 	AZ	2009	4	393,469
Grand Canyon NP	GRCA	National Park	Intermountain 	AZ	2009	5	432,940
Grand Canyon NP	GRCA	National Park	Intermountain 	AZ	2009	6	529,833
Grand Canyon NP	GRCA	National Park	Intermountain 	AZ	2009	7	658,993
Grand Canyon NP	GRCA	National Park	Intermountain 	AZ	2009	8	600,442
Grand Canyon NP	GRCA	National Park	Intermountain 	AZ	2009	9	425,737
Grand Canyon NP	GRCA	National Park	Intermountain 	AZ	2009	10	352,207
Grand Canyon NP	GRCA	National Park	Intermountain 	AZ	2009	11	214,355
Grand Canyon NP	GRCA	National Park	Intermountain 	AZ	2009	12	161,047
Grand Canyon NP	GRCA	National Park	Intermountain 	AZ	2010	1	120,409
Grand Canyon NP	GRCA	National Park	Intermountain 	AZ	2010	2	124,573
Grand Canyon NP	GRCA	National Park	Intermountain 	AZ	2010	3	312,903
Grand Canyon NP	GRCA	National Park	Intermountain 	AZ	2010	4	375,136
Grand Canyon NP	GRCA	National Park	Intermountain 	AZ	2010	5	399,037
Grand Canyon NP	GRCA	National Park	Intermountain 	AZ	2010	6	555,941
Grand Canyon NP	GRCA	National Park	Intermountain 	AZ	2010	7	647,636
Grand Canyon NP	GRCA	National Park	Intermountain 	AZ	2010	8	629,167
Grand Canyon NP	GRCA	National Park	Intermountain 	AZ	2010	9	477,863
Grand Canyon NP	GRCA	National Park	Intermountain 	AZ	2010	10	359,758
Grand Canyon NP	GRCA	National Park	Intermountain 	AZ	2010	11	219,474
Grand Canyon NP	GRCA	National Park	Intermountain 	AZ	2010	12	166,489
Grand Canyon NP	GRCA	National Park	Intermountain 	AZ	2011	1	139,029
Grand Canyon NP	GRCA	National Park	Intermountain 	AZ	2011	2	120,726
Grand Canyon NP	GRCA	National Park	Intermountain 	AZ	2011	3	304,583
Grand Canyon NP	GRCA	National Park	Intermountain 	AZ	2011	4	388,363
Grand Canyon NP	GRCA	National Park	Intermountain 	AZ	2011	5	419,569
Grand Canyon NP	GRCA	National Park	Intermountain 	AZ	2011	6	544,089
Grand Canyon NP	GRCA	National Park	Intermountain 	AZ	2011	7	654,871
Grand Canyon NP	GRCA	National Park	Intermountain 	AZ	2011	8	595,265
Grand Canyon NP	GRCA	National Park	Intermountain 	AZ	2011	9	410,636
Grand Canyon NP	GRCA	National Park	Intermountain 	AZ	2011	10	348,203
Grand Canyon NP	GRCA	National Park	Intermountain 	AZ	2011	11	201,809
Grand Canyon NP	GRCA	National Park	Intermountain 	AZ	2011	12	171,035
Grand Canyon NP	GRCA	National Park	Intermountain 	AZ	2012	1	141,357
Grand Canyon NP	GRCA	National Park	Intermountain 	AZ	2012	2	141,305
Grand Canyon NP	GRCA	National Park	Intermountain 	AZ	2012	3	291,120
Grand Canyon NP	GRCA	National Park	Intermountain 	AZ	2012	4	389,777
Grand Canyon NP	GRCA	National Park	Intermountain 	AZ	2012	5	416,363
Grand Canyon NP	GRCA	National Park	Intermountain 	AZ	2012	6	549,688
Grand Canyon NP	GRCA	National Park	Intermountain 	AZ	2012	7	647,953
Grand Canyon NP	GRCA	National Park	Intermountain 	AZ	2012	8	610,680
Grand Canyon NP	GRCA	National Park	Intermountain 	AZ	2012	9	448,925
Grand Canyon NP	GRCA	National Park	Intermountain 	AZ	2012	10	376,225
Grand Canyon NP	GRCA	National Park	Intermountain 	AZ	2012	11	221,927
Grand Canyon NP	GRCA	National Park	Intermountain 	AZ	2012	12	186,032
Grand Canyon NP	GRCA	National Park	Intermountain 	AZ	2013	1	143,405
Grand Canyon NP	GRCA	National Park	Intermountain 	AZ	2013	2	145,356
Grand Canyon NP	GRCA	National Park	Intermountain 	AZ	2013	3	359,799
Grand Canyon NP	GRCA	National Park	Intermountain 	AZ	2013	4	375,899
Grand Canyon NP	GRCA	National Park	Intermountain 	AZ	2013	5	468,178
Grand Canyon NP	GRCA	National Park	Intermountain 	AZ	2013	6	613,479
Grand Canyon NP	GRCA	National Park	Intermountain 	AZ	2013	7	728,543
Grand Canyon NP	GRCA	National Park	Intermountain 	AZ	2013	8	633,026
Grand Canyon NP	GRCA	National Park	Intermountain 	AZ	2013	9	465,665
Grand Canyon NP	GRCA	National Park	Intermountain 	AZ	2013	10	197,742
Grand Canyon NP	GRCA	National Park	Intermountain 	AZ	2013	11	217,733
Grand Canyon NP	GRCA	National Park	Intermountain 	AZ	2013	12	216,015
Grand Canyon NP	GRCA	National Park	Intermountain 	AZ	2014	1	173,458
Grand Canyon NP	GRCA	National Park	Intermountain 	AZ	2014	2	176,364
Grand Canyon NP	GRCA	National Park	Intermountain 	AZ	2014	3	353,920
Grand Canyon NP	GRCA	National Park	Intermountain 	AZ	2014	4	320,348
Grand Canyon NP	GRCA	National Park	Intermountain 	AZ	2014	5	463,713
Grand Canyon NP	GRCA	National Park	Intermountain 	AZ	2014	6	563,375
Grand Canyon NP	GRCA	National Park	Intermountain 	AZ	2014	7	621,953
Grand Canyon NP	GRCA	National Park	Intermountain 	AZ	2014	8	671,027
Grand Canyon NP	GRCA	National Park	Intermountain 	AZ	2014	9	488,359
Grand Canyon NP	GRCA	National Park	Intermountain 	AZ	2014	10	410,933
Grand Canyon NP	GRCA	National Park	Intermountain 	AZ	2014	11	256,705
Grand Canyon NP	GRCA	National Park	Intermountain 	AZ	2014	12	256,616
Grand Canyon NP	GRCA	National Park	Intermountain 	AZ	2015	1	191,781
Grand Canyon NP	GRCA	National Park	Intermountain 	AZ	2015	2	224,311
Grand Canyon NP	GRCA	National Park	Intermountain 	AZ	2015	3	437,563
Grand Canyon NP	GRCA	National Park	Intermountain 	AZ	2015	4	486,989
Grand Canyon NP	GRCA	National Park	Intermountain 	AZ	2015	5	541,338
Grand Canyon NP	GRCA	National Park	Intermountain 	AZ	2015	6	614,938
Grand Canyon NP	GRCA	National Park	Intermountain 	AZ	2015	7	714,911
Grand Canyon NP	GRCA	National Park	Intermountain 	AZ	2015	8	793,412
Grand Canyon NP	GRCA	National Park	Intermountain 	AZ	2015	9	525,090
Grand Canyon NP	GRCA	National Park	Intermountain 	AZ	2015	10	444,363
Grand Canyon NP	GRCA	National Park	Intermountain 	AZ	2015	11	273,558
Grand Canyon NP	GRCA	National Park	Intermountain 	AZ	2015	12	272,482
Grand Canyon NP	GRCA	National Park	Intermountain 	AZ	2016	1	189,103
Grand Canyon NP	GRCA	National Park	Intermountain 	AZ	2016	2	214,361
Grand Canyon NP	GRCA	National Park	Intermountain 	AZ	2016	3	504,295
Grand Canyon NP	GRCA	National Park	Intermountain 	AZ	2016	4	464,922
Grand Canyon NP	GRCA	National Park	Intermountain 	AZ	2016	5	588,591
Grand Canyon NP	GRCA	National Park	Intermountain 	AZ	2016	6	700,421
Grand Canyon NP	GRCA	National Park	Intermountain 	AZ	2016	7	839,086
Grand Canyon NP	GRCA	National Park	Intermountain 	AZ	2016	8	743,158
Grand Canyon NP	GRCA	National Park	Intermountain 	AZ	2016	9	578,006
Grand Canyon NP	GRCA	National Park	Intermountain 	AZ	2016	10	517,791
Grand Canyon NP	GRCA	National Park	Intermountain 	AZ	2016	11	333,204
Grand Canyon NP	GRCA	National Park	Intermountain 	AZ	2016	12	296,873
Grand Canyon NP	GRCA	National Park	Intermountain 	AZ	2017	1	217,102
Grand Canyon NP	GRCA	National Park	Intermountain 	AZ	2017	2	239,154
Grand Canyon NP	GRCA	National Park	Intermountain 	AZ	2017	3	502,739
Grand Canyon NP	GRCA	National Park	Intermountain 	AZ	2017	4	590,006
Grand Canyon NP	GRCA	National Park	Intermountain 	AZ	2017	5	606,247
Grand Canyon NP	GRCA	National Park	Intermountain 	AZ	2017	6	726,916
Grand Canyon NP	GRCA	National Park	Intermountain 	AZ	2017	7	837,258
Grand Canyon NP	GRCA	National Park	Intermountain 	AZ	2017	8	745,613
Grand Canyon NP	GRCA	National Park	Intermountain 	AZ	2017	9	571,946
Grand Canyon NP	GRCA	National Park	Intermountain 	AZ	2017	10	529,825
Grand Canyon NP	GRCA	National Park	Intermountain 	AZ	2017	11	349,326
Grand Canyon NP	GRCA	National Park	Intermountain 	AZ	2017	12	338,106
Grand Canyon NP	GRCA	National Park	Intermountain 	AZ	2018	1	257,366
Grand Canyon NP	GRCA	National Park	Intermountain 	AZ	2018	2	265,949
Grand Canyon NP	GRCA	National Park	Intermountain 	AZ	2018	3	503,284
Grand Canyon NP	GRCA	National Park	Intermountain 	AZ	2018	4	549,416
Grand Canyon NP	GRCA	National Park	Intermountain 	AZ	2018	5	637,703
Grand Canyon NP	GRCA	National Park	Intermountain 	AZ	2018	6	673,474
Grand Canyon NP	GRCA	National Park	Intermountain 	AZ	2018	7	799,765
Grand Canyon NP	GRCA	National Park	Intermountain 	AZ	2018	8	744,826
Grand Canyon NP	GRCA	National Park	Intermountain 	AZ	2018	9	615,783
Grand Canyon NP	GRCA	National Park	Intermountain 	AZ	2018	10	555,094
Grand Canyon NP	GRCA	National Park	Intermountain 	AZ	2018	11	408,794
Grand Canyon NP	GRCA	National Park	Intermountain 	AZ	2018	12	369,041
Grand Canyon NP	GRCA	National Park	Intermountain 	AZ	2019	1	225,056
Grand Canyon NP	GRCA	National Park	Intermountain 	AZ	2019	2	213,050
Grand Canyon NP	GRCA	National Park	Intermountain 	AZ	2019	3	451,228
Grand Canyon NP	GRCA	National Park	Intermountain 	AZ	2019	4	562,265
Grand Canyon NP	GRCA	National Park	Intermountain 	AZ	2019	5	618,598
Grand Canyon NP	GRCA	National Park	Intermountain 	AZ	2019	6	643,821
Grand Canyon NP	GRCA	National Park	Intermountain 	AZ	2019	7	756,860
Grand Canyon NP	GRCA	National Park	Intermountain 	AZ	2019	8	700,896
Grand Canyon NP	GRCA	National Park	Intermountain 	AZ	2019	9	578,852
Grand Canyon NP	GRCA	National Park	Intermountain 	AZ	2019	10	551,558
Grand Canyon NP	GRCA	National Park	Intermountain 	AZ	2019	11	347,847
Grand Canyon NP	GRCA	National Park	Intermountain 	AZ	2019	12	324,380
Grand Canyon NP	GRCA	National Park	Intermountain 	AZ	2020	1	246,460
Grand Canyon NP	GRCA	National Park	Intermountain 	AZ	2020	2	252,897
Grand Canyon NP	GRCA	National Park	Intermountain 	AZ	2020	3	276,002
Grand Canyon NP	GRCA	National Park	Intermountain 	AZ	2020	4	0
Grand Canyon NP	GRCA	National Park	Intermountain 	AZ	2020	5	43,397
Grand Canyon NP	GRCA	National Park	Intermountain 	AZ	2020	6	232,267
Grand Canyon NP	GRCA	National Park	Intermountain 	AZ	2020	7	350,003
Grand Canyon NP	GRCA	National Park	Intermountain 	AZ	2020	8	303,900
Grand Canyon NP	GRCA	National Park	Intermountain 	AZ	2020	9	249,010
Grand Canyon NP	GRCA	National Park	Intermountain 	AZ	2020	10	421,568
Grand Canyon NP	GRCA	National Park	Intermountain 	AZ	2020	11	275,764
Grand Canyon NP	GRCA	National Park	Intermountain 	AZ	2020	12	245,830
Grand Canyon NP	GRCA	National Park	Intermountain 	AZ	2021	1	164,922
Grand Canyon NP	GRCA	National Park	Intermountain 	AZ	2021	2	161,428
Grand Canyon NP	GRCA	National Park	Intermountain 	AZ	2021	3	317,054
Grand Canyon NP	GRCA	National Park	Intermountain 	AZ	2021	4	421,232
Grand Canyon NP	GRCA	National Park	Intermountain 	AZ	2021	5	484,442
Grand Canyon NP	GRCA	National Park	Intermountain 	AZ	2021	6	538,530
Grand Canyon NP	GRCA	National Park	Intermountain 	AZ	2021	7	556,766
Grand Canyon NP	GRCA	National Park	Intermountain 	AZ	2021	8	430,684
Grand Canyon NP	GRCA	National Park	Intermountain 	AZ	2021	9	399,321
Grand Canyon NP	GRCA	National Park	Intermountain 	AZ	2021	10	430,734
Grand Canyon NP	GRCA	National Park	Intermountain 	AZ	2021	11	346,971
Grand Canyon NP	GRCA	National Park	Intermountain 	AZ	2021	12	280,593
Grand Canyon NP	GRCA	National Park	Intermountain 	AZ	2022	1	180,094
Grand Canyon NP	GRCA	National Park	Intermountain 	AZ	2022	2	191,984
Grand Canyon NP	GRCA	National Park	Intermountain 	AZ	2022	3	392,273
Grand Canyon NP	GRCA	National Park	Intermountain 	AZ	2022	4	438,576
Grand Canyon NP	GRCA	National Park	Intermountain 	AZ	2022	5	496,238
Grand Canyon NP	GRCA	National Park	Intermountain 	AZ	2022	6	510,239
Grand Canyon NP	GRCA	National Park	Intermountain 	AZ	2022	7	543,760
Grand Canyon NP	GRCA	National Park	Intermountain 	AZ	2022	8	500,265
Grand Canyon NP	GRCA	National Park	Intermountain 	AZ	2022	9	439,611
Grand Canyon NP	GRCA	National Park	Intermountain 	AZ	2022	10	442,697
Grand Canyon NP	GRCA	National Park	Intermountain 	AZ	2022	11	323,112
Grand Canyon NP	GRCA	National Park	Intermountain 	AZ	2022	12	273,252
Grand Canyon NP	GRCA	National Park	Intermountain 	AZ	2023	1	134,361
Grand Canyon NP	GRCA	National Park	Intermountain 	AZ	2023	2	151,395
Grand Canyon NP	GRCA	National Park	Intermountain 	AZ	2023	3	326,916
Grand Canyon NP	GRCA	National Park	Intermountain 	AZ	2023	4	463,305
Grand Canyon NP	GRCA	National Park	Intermountain 	AZ	2023	5	491,137
Grand Canyon NP	GRCA	National Park	Intermountain 	AZ	2023	6	506,448
Grand Canyon NP	GRCA	National Park	Intermountain 	AZ	2023	7	557,321
Grand Canyon NP	GRCA	National Park	Intermountain 	AZ	2023	8	522,994
Grand Canyon NP	GRCA	National Park	Intermountain 	AZ	2023	9	466,960
Grand Canyon NP	GRCA	National Park	Intermountain 	AZ	2023	10	474,360
Grand Canyon NP	GRCA	National Park	Intermountain 	AZ	2023	11	332,145
Grand Canyon NP	GRCA	National Park	Intermountain 	AZ	2023	12	306,363
Grand Canyon NP	GRCA	National Park	Intermountain 	AZ	2024	1	175,848
Grand Canyon NP	GRCA	National Park	Intermountain 	AZ	2024	2	191,721
Grand Canyon NP	GRCA	National Park	Intermountain 	AZ	2024	3	402,019
Grand Canyon NP	GRCA	National Park	Intermountain 	AZ	2024	4	472,467
Grand Canyon NP	GRCA	National Park	Intermountain 	AZ	2024	5	551,570
Grand Canyon NP	GRCA	National Park	Intermountain 	AZ	2024	6	496,170
Grand Canyon NP	GRCA	National Park	Intermountain 	AZ	2024	7	538,554
Grand Canyon NP	GRCA	National Park	Intermountain 	AZ	2024	8	507,709
Grand Canyon NP	GRCA	National Park	Intermountain 	AZ	2024	9	471,930
Grand Canyon NP	GRCA	National Park	Intermountain 	AZ	2024	10	455,042
Grand Canyon NP	GRCA	National Park	Intermountain 	AZ	2024	11	334,942
Grand Canyon NP	GRCA	National Park	Intermountain 	AZ	2024	12	321,191