ParkCode,ParkName,Year,Month,Visitors
YOSE,Yosemite National Park,2024,1,150000
YOSE,Yosemite National Park,2024,2,160000
YOSE,Yosemite National Park,2024,3,180000
YOSE,Yosemite National Park,2024,4,220000
YOSE,Yosemite National Park,2024,5,260000
YOSE,Yosemite National Park,2024,6,320000
YOSE,Yosemite National Park,2024,7,370000
YOSE,Yosemite National Park,2024,8,365000
YOSE,Yosemite National Park,2024,9,290000
YOSE,Yosemite National Park,2024,10,220000
YOSE,Yosemite National Park,2024,11,170000
YOSE,Yosemite National Park,2024,12,160000
GRCA,Grand Canyon National Park,2024,1,120000
GRCA,Grand Canyon National Park,2024,2,125000
GRCA,Grand Canyon National Park,2024,3,150000
GRCA,Grand Canyon National Park,2024,4,190000
GRCA,Grand Canyon National Park,2024,5,230000
GRCA,Grand Canyon National Park,2024,6,280000
GRCA,Grand Canyon National Park,2024,7,340000
GRCA,Grand Canyon National Park,2024,8,330000
GRCA,Grand Canyon National Park,2024,9,270000
GRCA,Grand Canyon National Park,2024,10,200000
GRCA,Grand Canyon National Park,2024,11,150000
GRCA,Grand Canyon National Park,2024,12,130000
ZION,Zion National Park,2024,1,95000
ZION,Zion National Park,2024,2,105000
ZION,Zion National Park,2024,3,140000
ZION,Zion National Park,2024,4,170000
ZION,Zion National Park,2024,5,210000
ZION,Zion National Park,2024,6,250000
ZION,Zion National Park,2024,7,300000
ZION,Zion National Park,2024,8,295000
ZION,Zion National Park,2024,9,260000
ZION,Zion National Park,2024,10,190000
ZION,Zion National Park,2024,11,150000
ZION,Zion National Park,2024,12,130000
YELL,Yellowstone National Park,2024,1,100000
YELL,Yellowstone National Park,2024,2,110000
YELL,Yellowstone National Park,2024,3,130000
YELL,Yellowstone National Park,2024,4,180000
YELL,Yellowstone National Park,2024,5,250000
YELL,Yellowstone National Park,2024,6,350000
YELL,Yellowstone National Park,2024,7,400000
YELL,Yellowstone National Park,2024,8,390000
YELL,Yellowstone National Park,2024,9,300000
YELL,Yellowstone National Park,2024,10,220000
YELL,Yellowstone National Park,2024,11,140000
YELL,Yellowstone National Park,2024,12,110000
GLAC,Glacier National Park,2024,1,90000
GLAC,Glacier National Park,2024,2,95000
GLAC,Glacier National Park,2024,3,120000
GLAC,Glacier National Park,2024,4,160000
GLAC,Glacier National Park,2024,5,210000
GLAC,Glacier National Park,2024,6,300000
GLAC,Glacier National Park,2024,7,360000
GLAC,Glacier National Park,2024,8,355000
GLAC,Glacier National Park,2024,9,270000
GLAC,Glacier National Park,2024,10,190000
GLAC,Glacier National Park,2024,11,130000
GLAC,Glacier National Park,2024,12,100000
